Top pages,Clicks,Impressions,CTR,Position
https://www.skyride.city/,590,22853,2.58%,16.4
https://skyride.city/,410,7841,5.23%,5.73
https://www.skyride.city/ferry-a-contadora/,319,15010,2.13%,14.41
https://www.skyride.city/hipertensos-pueden-viajar-en-avion/,217,82372,0.26%,8.51
https://www.skyride.city/playa-cacique-contadora/,199,23430,0.85%,5.59
https://www.skyride.city/apps-para-encontrar-viajes-en-avion-privado/,106,5937,1.79%,33.13
https://www.skyride.city/luna-de-miel-en-panama/,93,3682,2.53%,11.81
https://www.skyride.city/en/what-to-do-in-contadora-island/,91,6240,1.46%,26.56
https://www.skyride.city/en/ferry-to-contadora-is-it-really-convenient/,73,4785,1.53%,23.83
https://www.skyride.city/en/helicopter-rides/,58,5208,1.11%,23.73
https://www.skyride.city/helicoptero-privado-lo-que-debes-saber-sky-ride/,54,7049,0.77%,17.33
https://www.skyride.city/que-ver-y-hacer-en-playa-tambor-costa-rica/,45,4250,1.06%,15.4
https://www.skyride.city/alquiler-de-helicopteros-en-panama-todo-lo-que-necesitas-saber/,44,1298,3.39%,9.42
https://www.skyride.city/transporte-a-contadora/,43,3651,1.18%,24.15
https://www.skyride.city/paseo-en-helicoptero/,41,3906,1.05%,10
https://www.skyride.city/en/cacique-beach-in-contadora-a-true-paradise/,40,3051,1.31%,7.44
https://www.skyride.city/en/sky-ride-charter-flights/,35,1853,1.89%,34.53
https://www.skyride.city/que-hacer-en-isla-contadora/,27,2544,1.06%,32.92
https://www.skyride.city/paseo-en-helicoptero-precio-panama/,26,2172,1.2%,11.38
https://www.skyride.city/que-es-un-vuelo-charter-y-como-se-reserva/,25,14638,0.17%,38.77
https://www.skyride.city/mejores-lugares-turisticos-de-costa-rica/,19,15523,0.12%,35.58
https://www.skyride.city/vuelo-privado-a-contadora/,19,994,1.91%,37.21
https://www.skyride.city/asientos-disponibles/,16,1574,1.02%,22.61
https://www.skyride.city/en/transportation-to-contadora-island-best-options/,14,1980,0.71%,27.31
https://www.skyride.city/reservar-vuelo-sin-pagar-demasiado/,12,3950,0.3%,34.16
https://www.skyride.city/en/charter-flights-panama-personalized-experience/,11,2645,0.42%,24.6
https://www.skyride.city/vuelos-charter/,9,4564,0.2%,32.65
https://www.skyride.city/vuelos-privados-a-medellin/,8,1234,0.65%,13.67
https://www.skyride.city/descubre-el-confort-vuelo-privado-panama-costa-rica/,8,591,1.35%,30.64
https://www.skyride.city/renta-de-aviones-privados-para-viajes-de-negocios/,7,4952,0.14%,51.45
https://www.skyride.city/descubre-las-mejores-islas-de-san-blas-skyride/,7,4688,0.15%,51.53
https://www.skyride.city/en/long-beach-on-contadora-island-choose-your-next-destination/,7,491,1.43%,24.86
https://www.skyride.city/como-elegir-asientos-de-avion-privado/,6,833,0.72%,29.84
https://www.skyride.city/producto/vuelos-charter/,6,648,0.93%,13.2
https://www.skyride.city/en/available-seats/,6,495,1.21%,32.72
https://www.skyride.city/category/rutas/,6,340,1.76%,6.79
https://www.skyride.city/en/whats-to-see-and-do-in-playa-tambor-costa-rica/,4,1083,0.37%,50.42
https://www.skyride.city/alquiler-de-yates-de-lujo-en-panama/,3,2605,0.12%,54.77
https://www.skyride.city/vuelos-privados-baratos-skyride/,3,1217,0.25%,34.43
https://www.skyride.city/vuelo-privado-costa-rica/,3,341,0.88%,16.07
https://www.skyride.city/tienda/,3,112,2.68%,12.62
https://www.skyride.city/producto/🛫-king-air-f90-6-pasajeros/,3,48,6.25%,9.25
https://www.skyride.city/en/honeymoon-in-panama-best-places-activities-itinerary/,2,2621,0.08%,47.49
https://www.skyride.city/playa-larga-contadora/,2,1832,0.11%,33.89
https://skyride.city/playa-cacique-contadora/,2,141,1.42%,12.21
https://www.skyride.city/en/producto/charter-flights/,2,72,2.78%,18.72
https://www.skyride.city/producto/✈-daher-kodiak-hasta-9-pasajeros/,2,43,4.65%,16.33
https://www.skyride.city/en/what-to-see-in-san-jose-capital-of-costa-rica/,1,13678,0.01%,44.29
https://www.skyride.city/tips-para-viajar-en-avion-guia-completa/,1,380,0.26%,55.42
https://www.skyride.city/en/charter-flights/,1,320,0.31%,25.29
https://www.skyride.city/vuelos-a-playa-tambor/,1,183,0.55%,39.24
https://www.skyride.city/blog/,1,182,0.55%,15.46
https://www.skyride.city/en/boat-charters/,1,166,0.6%,41.86
https://www.skyride.city/categoria-producto/flota-aerea/,1,130,0.77%,12.98
https://www.skyride.city/producto/🛫-cessna-172-hasta-3-pasajeros/,1,77,1.3%,24.13
https://www.skyride.city/gracias/,1,68,1.47%,9.93
https://skyride.city/transporte-a-contadora/,1,54,1.85%,38.65
https://www.skyride.city/en/thank-you/,1,28,3.57%,16.68
https://www.skyride.city/en/producto/✈-daher-kodiak-9-passengers/,1,23,4.35%,12.96
https://skyride.city/paseo-en-helicoptero/,1,19,5.26%,8.05
https://www.skyride.city/en/producto/🚁-robinson-r44-3-passengers/,1,8,12.5%,19.25
https://skyride.city/como-elegir-asientos-de-avion-privado/,1,2,50%,8
https://record.skyride.city/tips-para-viajar-en-avion-guia-completa/,1,1,100%,4
https://www.skyride.city/luna-de-miel-en-costa-rica/,0,3172,0%,75.61
https://www.skyride.city/que-ver-en-san-jose-capital-de-costa-rica/,0,1942,0%,16.77
https://www.skyride.city/en/honeymoon-in-costa-rica/,0,850,0%,60.53
https://www.skyride.city/en/the-best-tourist-places-in-costa-rica/,0,360,0%,51.04
https://www.skyride.city/vuelos-privados-baratos/,0,178,0%,34.56
https://skyride.city/vuelos-privados-baratos-skyride/,0,149,0%,31.23
https://skyride.city/en/honeymoon-in-costa-rica/,0,141,0%,64.62
https://www.skyride.city/category/consejos/,0,102,0%,6.4
https://skyride.city/renta-de-aviones-privados-para-viajes-de-negocios/,0,100,0%,49.65
https://www.skyride.city/en/blog-2/,0,99,0%,11.32
https://skyride.city/vuelos-a-playa-tambor/,0,70,0%,27
https://www.skyride.city/en/our-fleet/,0,46,0%,8.2
https://www.skyride.city/en/category/sin-categoria-en/,0,42,0%,18.62
https://www.skyride.city/script/,0,32,0%,3.97
https://skyride.city/vuelo-privado-costa-rica/,0,30,0%,19.67
https://skyride.city/en/charter-flights/,0,29,0%,17.9
https://www.skyride.city/categoria-producto/flota-marina/,0,28,0%,25.75
https://www.skyride.city/en/producto/🛫-king-air-f90-6-passengers/,0,27,0%,12.04
https://www.skyride.city/paseo-en-bote/,0,26,0%,7.54
https://skyride.city/en/category/sin-categoria-en/,0,20,0%,52.6
https://skyride.city/vuelos-privados-baratos/,0,20,0%,56.1
https://www.skyride.city/es/paseos-en-helicoptero,0,15,0%,13.67
https://www.skyride.city/en/producto/🛫-cessna-172-3-passengers/,0,14,0%,12.43
https://blog.skyride.city/renta-de-aviones-privados-para-viajes-de-negocios/,0,14,0%,81.57
https://skyride.city/en/cacique-beach-in-contadora-a-true-paradise/,0,12,0%,1.67
https://record.skyride.city/hipertensos-pueden-viajar-en-avion/,0,10,0%,13.9
https://record.skyride.city/en/transportation-to-contadora-island-best-options/,0,10,0%,16
https://skyride.city/tips-para-viajar-en-avion-guia-completa/,0,10,0%,46.4
https://record.skyride.city/en/cacique-beach-in-contadora-a-true-paradise/,0,9,0%,18.44
https://www.skyride.city/en/categoria-producto/air-fleet/,0,7,0%,18.71
https://blog.skyride.city/en/charter-flights/,0,5,0%,9
https://blog.skyride.city/en/available-seats/,0,5,0%,21
https://www.skyride.city/wp-content/uploads/2021/11/playa-cacique.jpg,0,5,0%,21.6
https://record.skyride.city/ferry-a-contadora/,0,4,0%,14.75
https://record.skyride.city/descubre-el-confort-vuelo-privado-panama-costa-rica/,0,4,0%,29
https://skyride.city/blog/,0,3,0%,4.67
https://record.skyride.city/playa-cacique-contadora/,0,3,0%,10.67
https://blog.skyride.city/paseo-en-helicoptero-precio-panama/,0,2,0%,30
https://blog.skyride.city/descubre-el-confort-vuelo-privado-panama-costa-rica/,0,2,0%,51
https://skyride.city/en,0,1,0%,7
https://www.skyride.city/wp-content/uploads/2021/10/isla-contadora.jpg,0,1,0%,13
https://www.skyride.city/wp-content/uploads/2024/09/adobestock_98400582-1024x683.webp,0,1,0%,28