Top queries,Clicks,Impressions,CTR,Position
sky ride panama,132,456,28.95%,1.34
skyride,65,650,10%,18.77
playa cacique colon,60,8019,0.75%,4.2
ferry contadora,53,1888,2.81%,10.06
sky ride,53,647,8.19%,6.38
playa cacique,41,3751,1.09%,3.68
vuelos charter panama,21,562,3.74%,5.93
contadora ferry,19,876,2.17%,11.64
helicopter tour panama,17,164,10.37%,8.17
ferry a contadora,15,725,2.07%,9.92
luna de miel en panama,14,408,3.43%,22.48
cacique playa,12,755,1.59%,2.46
playa cacique panama,12,670,1.79%,4.07
un hipertenso puede viajar en avión,11,1767,0.62%,7.55
luna de miel panama,11,213,5.16%,7.03
vuelos privados panama,10,138,7.25%,3.6
ferry contadora panama,8,231,3.46%,12.68
playa el cacique,8,230,3.48%,2.34
precio de ferry a contadora,8,219,3.65%,9.48
isla contadora como llegar,7,659,1.06%,11.14
playa cacique colón como llegar,6,773,0.78%,8.03
playa cacique contadora,6,315,1.9%,4.83
como llegar a isla contadora,6,253,2.37%,9.68
ferry isla contadora,6,130,4.62%,14.69
alquiler de helicoptero en panama,6,105,5.71%,5.97
una persona hipertensa puede viajar en avión,5,2118,0.24%,8.56
is contadora island worth visiting,5,147,3.4%,10.9
ferry a isla contadora,5,106,4.72%,11.23
panama canal helicopter tour,5,68,7.35%,6.97
charter panama,4,970,0.41%,26.91
isla cacique,4,380,1.05%,7.1
ferry to contadora island,4,284,1.41%,21.24
cacique beach,4,185,2.16%,2.85
como llegar a isla contadora desde ciudad de panamá,4,117,3.42%,10.14
ferry isla contadora horarios,4,66,6.06%,8.18
helicopter panama,4,50,8%,7.86
helicopter tour panama canal,4,24,16.67%,10.92
hipertensos pueden viajar en avión,3,940,0.32%,7.72
cacique colon,3,586,0.51%,14.78
los hipertensos pueden viajar en avión,3,576,0.52%,7.78
playa cacique colon panama,3,199,1.51%,6.64
things to do in contadora island,3,139,2.16%,6.69
contadora ferry tickets,3,125,2.4%,9.81
paseos en helicóptero precios,3,113,2.65%,8.12
panama helicopter tours,3,65,4.62%,21.95
helicopter ride in panama city,3,50,6%,23.58
vuelo charter,2,2105,0.1%,45.04
charter flights panama,2,1115,0.18%,22.76
viajar en avión aumenta la presión arterial,2,914,0.22%,9.79
vuelos privados baratos,2,902,0.22%,25.14
si tengo la presión alta puedo viajar,2,748,0.27%,9.32
si tengo presion alta puedo viajar en avion,2,673,0.3%,8.63
en el avión sube o baja la presión,2,588,0.34%,9.31
si tengo la presión alta puedo viajar en avión,2,569,0.35%,7.58
las personas hipertensas pueden viajar en avion,2,493,0.41%,7.99
playa tambor costa rica,2,438,0.46%,43.02
viajar en avion con presion alta,2,334,0.6%,8.45
puedo viajar en avion si soy hipertenso,2,310,0.65%,6.71
viajar en avión sube la presión arterial,2,304,0.66%,7.8
lugares que visitar en costa rica,2,231,0.87%,41.62
alquiler de aviones privados,2,214,0.93%,39.54
isla contadora ferry,2,158,1.27%,20.03
reserva de vuelo sin pagar,2,158,1.27%,26.54
contadora island things to do,2,143,1.4%,9.24
isla cacique colon,2,121,1.65%,10.42
como llegar a contadora,2,116,1.72%,10
panama luna de miel,2,98,2.04%,7.52
panama helicopter tour,2,88,2.27%,21.36
ferry panama,2,77,2.6%,54.3
ferry to contadora island from panama city,2,71,2.82%,13.21
vuelo chárter precio,2,59,3.39%,28.69
como llegar a playa cacique colon,2,44,4.55%,8.14
vuelos privados compartidos,2,43,4.65%,8.93
ferry panama city to contadora,2,41,4.88%,7.8
viaje a contadora,2,35,5.71%,15.09
tour en helicoptero panama,2,26,7.69%,14.46
ferry isla contadora panama,2,24,8.33%,14.12
helicopter ride panama city panama,2,13,15.38%,7.85
sky rider,2,8,25%,2.88
lugares turisticos de costa rica,1,1768,0.06%,26.54
vuelos charter,1,1446,0.07%,31.72
que es un vuelo charter,1,1336,0.07%,27.6
una persona con presión alta puede viajar en avión,1,1243,0.08%,8.7
costa rica lugares turisticos,1,869,0.12%,27.52
contadora island,1,636,0.16%,46.18
vuelos privados,1,581,0.17%,23.68
costa rica capital,1,492,0.2%,64.36
vuelos charters panamá,1,474,0.21%,7.89
reservar vuelo sin pagar,1,451,0.22%,44.82
charters panama,1,407,0.25%,9.95
puede una persona hipertensa viajar en avión,1,366,0.27%,8.13
si sufro de presion alta puedo viajar en avion,1,352,0.28%,7.91
playa cacique colón,1,339,0.29%,7.34
contadora,1,328,0.3%,37.47
si tengo hipertension puedo viajar en avion,1,322,0.31%,8.77
private jet panama,1,312,0.32%,36.88
isla contadora,1,285,0.35%,49.38
helicopter ride,1,277,0.36%,6.86
como reservar un vuelo sin pagar,1,277,0.36%,33.24
personas hipertensas pueden viajar en avión,1,268,0.37%,8.01
playa tambor donde queda,1,264,0.38%,10.05
playa casique,1,260,0.38%,4.53
helicopter tour,1,237,0.42%,18.5
playa tambor,1,237,0.42%,39.1
personas con hipertension pueden viajar en avion,1,231,0.43%,8.61
puede un hipertenso viajar en avión,1,207,0.48%,8
playa larga contadora,1,195,0.51%,9.82
ir a contadora,1,188,0.53%,8.61
reserva de vuelos sin pagar,1,168,0.6%,29.55
una persona hipertensa puede volar en avion,1,167,0.6%,7.96
se puede viajar en avion con hipertension,1,160,0.62%,8.78
volar en avión afecta la presión arterial,1,155,0.65%,8.3
lugares turisticos de costa rica con sus nombres,1,134,0.75%,13.64
hipertenso puede viajar en avion,1,128,0.78%,7.29
una persona con presion arterial alta puede viajar en avion,1,119,0.84%,8.79
si sufro de la presion puedo viajar en avion,1,116,0.86%,8.67
alquiler jet privado,1,115,0.87%,47.12
flights to panama,1,111,0.9%,3.87
lugares de costa rica,1,109,0.92%,23.57
avion privado,1,107,0.93%,9.99
contadora panama ferry,1,103,0.97%,16.78
reservar un vuelo sin pagar,1,102,0.98%,30.76
private helicopter ride,1,87,1.15%,73.69
playa cacique en colon panama,1,85,1.18%,6.15
ferry panama contadora,1,83,1.2%,18.04
vuelo privado,1,82,1.22%,27.59
mejores playas cerca de tambor,1,80,1.25%,9.51
ferry to contadora,1,74,1.35%,11.09
alquiler de avion privado,1,68,1.47%,27.78
cuanto cuesta un helicoptero en panama,1,63,1.59%,4.22
lugares turísticos costa rica,1,58,1.72%,21.88
que hacer en isla contadora,1,57,1.75%,13.81
helicoptero panama,1,57,1.75%,13.89
cacique playa colon,1,56,1.79%,5.07
private helicopter tour,1,52,1.92%,71.92
ferry contadora precio,1,49,2.04%,9.27
panama city helicopter ride,1,48,2.08%,42.35
costa rica lugares para visitar,1,39,2.56%,26.51
reserva vuelos sin pagar,1,38,2.63%,18.39
cómo hacer una reserva de vuelo sin pagar,1,35,2.86%,34.51
vuelo en helicoptero,1,34,2.94%,9
como ir a isla contadora,1,32,3.12%,11.59
panama helicopter,1,29,3.45%,9.62
contadora ferry panama,1,28,3.57%,11.86
aviones charter,1,27,3.7%,10.74
como hacer reserva de vuelo sin pagar,1,24,4.17%,29.17
vuelos privados precios,1,24,4.17%,58.08
cuanto cuesta alquilar un avion privado,1,22,4.55%,68.82
avion privado precio,1,18,5.56%,6.28
panama city helicopter,1,18,5.56%,50.61
vuelos privados internacionales,1,17,5.88%,39.82
private jet panama city,1,13,7.69%,80.08
bocas del toro,1,12,8.33%,1
viaje en helicóptero precio,1,12,8.33%,9.58
helicopteros panama,1,12,8.33%,10.25
vuelos en helicoptero panama,1,12,8.33%,13.75
vuelo privado precio,1,12,8.33%,37.5
helicopter panama city,1,10,10%,30.3
ferry a contadora precio,1,9,11.11%,9.33
alquiler de avioneta,1,8,12.5%,5.5
lugares turisticos de costa rica con su nombre,1,8,12.5%,9
cuánto cuesta alquilar un avión privado,1,7,14.29%,3
helicóptero panama,1,7,14.29%,3.57
"lugares turísticos en costa rica, san josé",1,6,16.67%,11.83
santa catalina panama,1,5,20%,1
vuelos en helicoptero,1,5,20%,8
viaje en jet privado,1,4,25%,9.75
paseo de helicoptero,1,4,25%,10
alquilar un jet privado precio,1,4,25%,18.25
paseo en avioneta precio,1,3,33.33%,15
helicopter ride near me,1,2,50%,5.5
helicópteros personales,1,2,50%,6.5
ferry a contadora panama,1,2,50%,7.5
cirrus sr22 rental near me,1,1,100%,1
gracias,1,1,100%,1
helicopter.rides near me,1,1,100%,1
lugares turísticos de la provincia de colón,1,1,100%,1
playa en ciudad de panama,1,1,100%,1
rand airport helicopter rides price,1,1,100%,1
30 minute helicopter ride,1,1,100%,2
cabina de helicóptero,1,1,100%,2
helicoptero malaga,1,1,100%,5
avion choca con helicoptero,1,1,100%,7
capital de costa rica,0,3110,0%,12.49
capital of costa rica,0,1454,0%,57.84
luna de miel costa rica,0,1047,0%,79.12
panama honeymoon,0,1014,0%,48.45
cómo se llama la capital de costa rica,0,970,0%,1.17
luna de miel en costa rica,0,958,0%,76.6
costa rica viaje de novios,0,849,0%,73.54
the capital of costa rica,0,794,0%,65.02
charter,0,763,0%,46.9
reservar vuelos sin pagar,0,701,0%,40.93
capital costa rica,0,696,0%,46.39
luna de miel,0,675,0%,8.07
vuelo al aeropuerto de isla contadora,0,612,0%,46.06
vuelos chárter precios,0,599,0%,25.98
what is the capital of costa rica,0,598,0%,63.35
vuelo charter panama,0,595,0%,3.34
una persona con hipertensión puede viajar en avion,0,562,0%,9.16
yates de alquiler en panama,0,543,0%,53.21
sky panama,0,530,0%,10.15
cuál es la capital de costa rica,0,525,0%,2.71
ferry panamá,0,504,0%,33.8
lugares turísticos de costa rica,0,485,0%,21.78
se puede viajar en avión con presión alta,0,484,0%,8.73
capital city of costa rica,0,440,0%,79
panama city to contadora,0,437,0%,33.3
volando en helicóptero,0,436,0%,42.33
panama to contadora island,0,432,0%,38.99
cacique panama,0,396,0%,12.27
puedo viajar en avión si tengo presión alta,0,383,0%,8.92
panama city to contadora island flights,0,378,0%,35.34
alquiler avion privado,0,374,0%,48.9
cuantas islas tiene san blas panama,0,372,0%,32.77
renta avion privado,0,372,0%,34.96
que es vuelo charter,0,368,0%,26.92
isla aguja san blas panama,0,368,0%,83.26
como hacer una reserva de avion sin pagar,0,366,0%,51.27
vuelos charter precios,0,360,0%,68.33
san jose is the capital of what country,0,352,0%,26.29
honeymoon panama,0,352,0%,40.33
paseo en helicóptero precio panamá,0,348,0%,7.82
islas de san blas,0,348,0%,53.97
yates en panamá,0,347,0%,71.86
lugares turisticos en costa rica,0,345,0%,21.2
contadora island panama,0,344,0%,42.31
mejores lugares de costa rica,0,343,0%,39.36
las personas con hipertensión pueden viajar en avión,0,341,0%,9.31
vuelo charter que es,0,334,0%,38.03
alquiler de yates para fiestas en panama,0,332,0%,38.08
private flights panama,0,331,0%,14.12
puedo viajar en avion con presion alta,0,330,0%,8.62
reserva vuelos charter,0,329,0%,29.32
experiencia en helicóptero,0,329,0%,44.61
contadora island ferry,0,319,0%,27.6
vuelos de tramos vacíos,0,315,0%,32.5
los mejores lugares de costa rica,0,313,0%,39.51
honeymoon in costa rica,0,313,0%,52.55
puede viajar en avion una persona hipertensa,0,311,0%,7.76
personas con presion alta puede viajar en avion,0,311,0%,8.71
que es un charter,0,308,0%,28.2
honeymoon in panama,0,308,0%,41.99
vuelos charter que es,0,302,0%,44.92
chárter que es,0,298,0%,29.05
charter de jets privados a europa,0,298,0%,58.31
si soy hipertenso puedo viajar en avion,0,297,0%,7.28
lugares turisticos costa rica,0,297,0%,23.92
un hipertenso puede viajar en avion,0,293,0%,7.48
puede viajar en avion una persona con presion alta,0,290,0%,8.61
las personas con presión alta pueden viajar en avión,0,286,0%,8.91
lugares turísticos en costa rica,0,284,0%,25.08
charter de jets privados en asia,0,284,0%,45.51
charter de jets privados en europa,0,284,0%,62.39
panama islands honeymoon,0,283,0%,52.31
que ver en san jose costa rica,0,283,0%,63.14
san jose costa rica,0,278,0%,81.9
avion privado barato,0,272,0%,67.51
si soy hipertensa puedo viajar en avion,0,271,0%,7.69
isla de san blas,0,270,0%,56.84
lugares para visitar en cr,0,269,0%,67.5
vuelos chárter precio,0,268,0%,86.84
panama honeymoons,0,266,0%,66.74
private charter flights panama,0,264,0%,8.06
private jet to panama,0,261,0%,38.52
isla contadora panama como llegar,0,255,0%,10.42
aviones pequeños privados,0,251,0%,68.11
una persona hipertensa puede viajar en avion,0,247,0%,7.83
islas san blas,0,247,0%,56.5
helicopter tours in panama city,0,244,0%,23.85
si tienes presion alta puedo viajar en avion,0,241,0%,8.71
renta de jets,0,238,0%,36.31
costa rica sitios para visitar,0,238,0%,55.32
lugares costa rica para visitar,0,234,0%,69.82
vuelo chárter que es,0,233,0%,53.6
lugares turisticos,0,232,0%,30.01
isla wailidub san blas panama,0,231,0%,58.79
las personas con presion alta puede viajar en avion,0,230,0%,9.33
charter bocas del toro,0,230,0%,60.43
costa rica honeymoon,0,230,0%,61.57
lugares para visitar costa rica,0,229,0%,45.58
la capital de costa rica,0,228,0%,13.02
lugares en costa rica para visitar,0,227,0%,39.76
chárter,0,227,0%,57.7
que son vuelos charter,0,221,0%,19.43
costa rica capital city,0,218,0%,72.6
charter que es,0,217,0%,22.76
ir a las perlas,0,217,0%,34.81
costa rica mejores lugares para visitar,0,217,0%,42.82
private jet to panama city,0,215,0%,82.3
excursiones a contadora,0,214,0%,57.21
playa larga,0,213,0%,9.28
helicopter trip,0,213,0%,11.57
helicopter,0,212,0%,3.79
vuelo chárter,0,212,0%,53.41
capital city costa rica,0,208,0%,64.45
lugares para ir costa rica,0,206,0%,67.15
volar en helicóptero,0,203,0%,34.35
capitale costa rica,0,202,0%,24.72
puedo viajar en avion si tengo la presion alta,0,196,0%,8.64
capital in costa rica,0,195,0%,82.5
mejor lugar para visitar en costa rica,0,194,0%,40.71
viajar en avion sube o baja la presion arterial,0,193,0%,8.45
puede una persona con presión alta viajar en avión,0,192,0%,8.57
paseo de lujo en helicóptero,0,192,0%,31.59
un hipertenso puede volar en avion,0,189,0%,7.36
viajes en yate panama,0,187,0%,63.98
contratar vuelos charter,0,186,0%,61.81
viajar en avion afecta la presion arterial,0,183,0%,8.39
contratar vuelo charter,0,183,0%,62.35
charter de aerolíneas,0,182,0%,83.34
mejores lugares para visitar costa rica,0,180,0%,39.57
una persona que sufre de presion alta puede viajar en avion,0,179,0%,9.91
lugares para visitar en costa rica,0,179,0%,26.22
que significa vuelo charter,0,177,0%,27.18
alquiler de aviones privados precios,0,175,0%,42.59
avion charter,0,173,0%,41.34
eventos en yate panama,0,171,0%,62.1
charter aéreo deportivo,0,170,0%,61.85
viajes en yate en panamá,0,169,0%,62.02
que lugares visitar en costa rica,0,167,0%,40.31
lugares para visitar de costa rica,0,163,0%,60.64
contadora island from panama city,0,162,0%,19.47
se puede viajar con presion alta en avion,0,160,0%,8.76
renta jet privado,0,157,0%,36.5
vuelos privados para equipos de trabajo,0,157,0%,65.87
persona hipertensa puede viajar en avion,0,156,0%,8.13
charter aéreo para equipos deportivos,0,156,0%,53.28
vuelos en avion privado,0,155,0%,85.8
se puede viajar en avion con la presion alta,0,152,0%,8.04
helicopter travel,0,152,0%,11.45
charter aereo,0,150,0%,63.65
como ir a isla contadora panama,0,149,0%,12.42
mejores islas en panama,0,148,0%,42.3
puede viajar una persona hipertensa en avion,0,146,0%,9.28
precios vuelos charter,0,146,0%,82.38
costa rica mejores lugares,0,144,0%,42.99
lugares que visitar costa rica,0,144,0%,70.22
renta de aviones privados en toluca,0,143,0%,88.24
que es charter,0,142,0%,28.43
lugares a visitar costa rica,0,142,0%,55.43
con presion alta se puede viajar en avion,0,141,0%,9.24
helicopter flights,0,140,0%,39.91
tambor costa rica,0,140,0%,49.61
viajar en helicóptero,0,139,0%,24.93
flight from panama city to contadora island,0,138,0%,40.12
helicoptero privado,0,138,0%,48.41
puedo volar si tengo presion alta,0,136,0%,8.11
how to get to isla contadora from panama city,0,136,0%,14.64
alquiler de yates de lujo en panama,0,135,0%,51.99
qué es un vuelo chárter,0,134,0%,18.41
lugares por visitar en costa rica,0,131,0%,41.03
es malo viajar en avion con presion alta,0,130,0%,7.15
personas con presión alta pueden viajar en avión,0,130,0%,9.43
san jose capital,0,130,0%,57.45
costa rica san jose,0,130,0%,81.42
enfermedades que impiden viajar en avion,0,129,0%,36.3
charter privado,0,129,0%,43.12
aviones privados mas baratos,0,127,0%,48.69
vuelos privados en helicoptero,0,126,0%,47.06
transporte a las perlas,0,126,0%,60.9
se puede volar con presion alta,0,125,0%,8.43
ferry pearl islands panama,0,124,0%,54.77
capital city in costa rica,0,123,0%,80.41
san jose capital of costa rica,0,122,0%,75.61
renta de aviones privados,0,120,0%,32.81
dónde queda playa tambor,0,119,0%,10.58
yates en panama alquiler,0,119,0%,51.27
isla san blas,0,118,0%,60.36
isla contadora panama,0,116,0%,56.83
contadora island beaches,0,115,0%,13.19
cuantas islas conforman san blas panama,0,115,0%,29.51
alquiler de aeronaves,0,115,0%,82.89
playa larga panama,0,112,0%,9.64
panama city to contadora island,0,112,0%,23.11
contadora island tours,0,112,0%,38.54
reservar un billete de avion sin pagar,0,111,0%,34.83
charteado,0,111,0%,36.75
alquilar un avion privado precio,0,111,0%,45.59
charter de avión,0,110,0%,72.32
el charter es un tipo de,0,108,0%,51.88
una persona con presion alta puede volar en avion,0,107,0%,8.53
cacique colon panama,0,107,0%,13.31
puedo viajar en avión si tengo hipertensión,0,106,0%,8.92
una persona que padece de la presion puede viajar en avion,0,105,0%,8.89
alquiler de aviones ejecutivos,0,104,0%,48.91
si eres hipertenso puedes viajar en avion,0,101,0%,7.64
sitios turisticos de costa rica,0,101,0%,32.96
charter de aviones,0,101,0%,64.9
es peligroso viajar en avion con presion alta,0,100,0%,7.25
what's the capital of costa rica,0,98,0%,45.68
los hipertensos pueden volar en avion,0,96,0%,6.69
charter de jet privado en américa del norte,0,96,0%,45.43
una persona con hipertension puede volar en avion,0,95,0%,8.72
que es un vuelo chárter,0,95,0%,37.15
como volar un helicoptero,0,95,0%,62.42
charter air,0,94,0%,94.39
charter de jet privado a europa,0,93,0%,57.11
costa rica luna de miel,0,93,0%,78.01
capital san jose costa rica,0,93,0%,85.26
charter aéreo,0,93,0%,88.16
alquiler de yates en panama precios,0,92,0%,49.14
paquetes para isla contadora panama,0,91,0%,55.76
isla blas,0,91,0%,62.44
vip helicopter tours,0,90,0%,67.64
costa rica honeymoon itinerary,0,89,0%,65.29
air charter services,0,88,0%,1.08
playa larga cacique,0,88,0%,8.14
jet privado,0,88,0%,14.24
salida charter,0,88,0%,43.57
costa rica playa tambor,0,88,0%,53.61
cacique peninsula costa rica,0,87,0%,59.98
aerolínea de charter,0,87,0%,83.03
panama,0,86,0%,1.01
hipertensión y vuelos en avion,0,86,0%,8.13
blue skies panama,0,86,0%,27.45
jet charter panama,0,86,0%,63.19
tour a contadora panama,0,86,0%,63.9
flights to contadora island panama,0,85,0%,42.08
alquiler de catamaran panama,0,84,0%,61.13
lugar turístico de costa rica,0,83,0%,29.12
cacique colon playa,0,81,0%,3.46
charter aéreo de equipos deportivos,0,81,0%,52.6
isla san blas de panama,0,81,0%,87.33
si padezco de presion alta puedo viajar en avion,0,80,0%,7.39
volar con presion alta,0,80,0%,8.21
si sufres de presion alta puedes viajar en avion,0,80,0%,9.65
charter aéreo para empresas de gestión de viajes,0,80,0%,57.8
como reservar vuelos sin pagar,0,79,0%,39.53
vuelos de san jose a tambor,0,79,0%,56.24
panama honeymoon packages,0,79,0%,60.56
capital of san jose,0,79,0%,70.91
como se llama la capital de costa rica,0,78,0%,1
lugares bonitos de costa rica,0,78,0%,19.27
vuelos chárter,0,78,0%,41.78
vuelos de tramos vacíos de jets privados,0,78,0%,43.71
una persona con la presion alta puede viajar en avion,0,77,0%,9.32
alquiler de velero en panama,0,77,0%,60.58
se puede reservar un vuelo sin pagar,0,76,0%,46.59
turistico costa rica,0,75,0%,71.09
vuelo charter significado,0,74,0%,38.97
charter flights to panama city beach,0,74,0%,58.74
charter a la playa,0,73,0%,45.11
tengo presion alta puedo viajar en avion,0,72,0%,8.25
buceo en san blas,0,72,0%,85.58
isla de san blas en panama,0,72,0%,86.29
qué es un vuelo charter,0,71,0%,31.62
whale watching contadora,0,71,0%,54.59
charter de avione,0,71,0%,67.87
lugares turísticos de costa rica con sus nombres,0,70,0%,11.77
charter vuelo,0,70,0%,52.19
honeymoon costa rica,0,70,0%,59.13
presion alta viajar en avion,0,69,0%,9.13
mejores islas de san blas,0,69,0%,11.54
viajar en helicoptero,0,69,0%,27.93
alquiler de jets privados para grupos,0,69,0%,48.26
what is capital of costa rica,0,69,0%,54.64
renta de aviones privados en guadalajara,0,69,0%,93.35
costa rica lugares turísticos,0,68,0%,30.31
costa rica sitios turisticos,0,68,0%,35
vuelos charter privados,0,68,0%,83.66
enfermedades que impiden viajar en avión,0,67,0%,25.06
contadora panama,0,67,0%,70.57
isla san blas panama wikipedia,0,66,0%,70.39
playa san blas panama como llegar,0,65,0%,93.17
vuelos a tambor,0,64,0%,32.94
vuelos charter que son,0,64,0%,37.39
charter avion,0,64,0%,39.19
charter de jets privados para sudamérica,0,64,0%,43.97
san jose city costa rica,0,64,0%,72.34
atractivos turísticos de costa rica,0,63,0%,25.78
vuelos privados santiago,0,63,0%,34.94
helicopter rides panama city,0,63,0%,35.98
capital da costa rica,0,62,0%,40.02
renta avión,0,62,0%,42.71
alquiler de yates en panama para fiestas,0,62,0%,45.6
tips para viajar en avion,0,62,0%,53.19
cuanto cuesta alquilar un vuelo charter,0,62,0%,79.89
vuelos privados toluca.,0,62,0%,91.65
sitios turisticos en costa rica,0,61,0%,26.3
flights to playa larga,0,61,0%,30.26
puedes viajar en avion con presion alta,0,60,0%,7.98
persona con presión alta puede viajar en avión,0,60,0%,8.15
playa tambor puntarenas,0,60,0%,19.12
atractivos turisticos de costa rica,0,59,0%,34.36
cuanto cuesta rentar un avion privado,0,59,0%,49.93
montar en helicóptero,0,59,0%,60.12
helicopter rides costa rica,0,59,0%,84.07
panama city helicopter tours,0,58,0%,22.4
reservas de vuelos sin pagar,0,58,0%,33.97
volar helicoptero,0,58,0%,51.66
"vuelos ejecutivos, vuelos privados,",0,58,0%,66.55
charter de vuelos,0,58,0%,68.34
mejores lugares en costa rica,0,57,0%,36.42
costa rica capitale,0,57,0%,37.74
vuelos de grupo charter,0,57,0%,79.95
mejores islas de las perlas,0,57,0%,89.98
si padezco de la presion puedo viajar en avion,0,56,0%,10.07
lugares de costa rica para visitar,0,56,0%,27.79
tramos vacíos de jets privados,0,56,0%,40.89
fotos de ciudad de panamá terminal de ferry,0,55,0%,8.11
se puede viajar en avion si tengo la presion alta,0,55,0%,8.24
donde queda tambor,0,55,0%,10.18
helicóptero precio,0,55,0%,12.15
vuelos a panama desde costa rica,0,55,0%,61.22
san josé costa rica,0,55,0%,76.15
se puede viajar con la presion alta,0,54,0%,8.78
lugar turístico en costa rica,0,54,0%,26.74
sitios turisticos costa rica,0,54,0%,27.48
things to do in tambor costa rica,0,54,0%,28.8
vuelos charter para equipos deportivos,0,54,0%,59.76
helicopteros privados,0,54,0%,59.85
lugar turistico costa rica,0,53,0%,35.83
what is the capital costa rica,0,53,0%,83.49
cual es la capital de costa rica,0,52,0%,5.96
lugares turisticos de costa rica con nombre,0,52,0%,11.02
que es un vuelo charter definicion,0,52,0%,19.1
sitios turísticos de costa rica,0,52,0%,31.71
avion privado santiago,0,52,0%,39.65
charter de aeronaves de grupo,0,52,0%,78.6
mejores islas en las perlas,0,52,0%,87.75
que visitar en costa rica,0,51,0%,18.82
romantic places costa rica,0,51,0%,95.67
ferry para contadora,0,50,0%,10.12
islas de san blas nombres,0,50,0%,12.18
que son los vuelos charter,0,50,0%,24.22
vuelos a isla de coiba,0,50,0%,64.04
donde queda cacique,0,49,0%,5.45
avión privado,0,49,0%,8.78
un hipertenso puede viajar a la altura,0,49,0%,16.73
vuelos charter medellin,0,49,0%,17.24
capitals of costa rica,0,49,0%,90.92
playas cerca de tambor,0,48,0%,11.48
hacer reserva de vuelo sin pagar,0,48,0%,33.9
san blas islas,0,48,0%,64.1
reserva de vuelo,0,48,0%,94.67
las mejores cosas románticas que hacer en panamá,0,47,0%,30.13
san jose is capital of what country,0,47,0%,32.32
helicopter ride panama city,0,47,0%,32.68
renta de jet privado,0,47,0%,38.83
playas en san blas panama,0,47,0%,72.11
alquiler de avión para eventos,0,47,0%,78.53
helicóptero privado,0,46,0%,27.5
precio de jet privado,0,46,0%,40.17
destinos turisticos costa rica,0,46,0%,42
vuelos chárter que es,0,46,0%,45.41
hotels contadora island panama,0,46,0%,62.7
charter de jets privados para eventos,0,46,0%,71.67
vuelo charter privado,0,46,0%,78.93
playas en colon,0,45,0%,6.82
volar en helicoptero,0,45,0%,47.76
costa rica lugares para conocer,0,45,0%,48.78
what is the capital of costa rica?,0,45,0%,62.87
san jose capital of what country,0,45,0%,63.71
cual es el capital de costa rica,0,44,0%,1
lugares bonitos en costa rica,0,44,0%,27.77
luxury yacht charter panama san blas,0,44,0%,57.98
san jose is the capital of,0,44,0%,58.66
tour a isla contadora panama,0,44,0%,64.32
san josé capital,0,44,0%,65.27
san blas panama surf,0,44,0%,84.5
que es charter en turismo,0,43,0%,11.28
como reservar un vuelo sin comprarlo,0,43,0%,25.14
helicopter tour panama city,0,43,0%,27.07
private helicopter tours,0,43,0%,77.49
una persona con presion alta puede subir a un avion,0,42,0%,9.55
charter flights contadora,0,42,0%,17.4
app para viajes en avion,0,42,0%,36.69
honeymoons in panama,0,42,0%,47.07
panama ilhas san blas,0,42,0%,72.95
alquilar jet privado españa,0,42,0%,87.4
vuelos privados para empresas,0,42,0%,88.76
alguien con presion alta puede viajar en avion,0,41,0%,7.8
las personas hipertensas pueden viajar en avión,0,41,0%,9.83
como se hace una reserva de un vuelo sin comprarlo,0,41,0%,10.56
lugar turistico de costa rica,0,41,0%,30.41
what is the capital for costa rica,0,41,0%,84.15
lugares turistico en costa rica,0,40,0%,21.88
lugares para conocer en costa rica,0,40,0%,29.12
tourist places,0,40,0%,57.02
vuelos charter para grupos,0,40,0%,72.4
golfo de san blas panama,0,40,0%,82.95
como vuela un helicoptero,0,39,0%,2.13
paseo en helicoptero panama,0,39,0%,13.59
que es vuelos charter,0,39,0%,32.56
a que velocidad viaja un helicoptero,0,39,0%,33.77
vuelo charter que significa,0,39,0%,62.38
cual es la capital costa rica,0,38,0%,2.03
contadora in english,0,38,0%,19.16
lugares bonitos para visitar en costa rica,0,38,0%,33.18
lugares costa rica,0,38,0%,42.53
arrendamiento a corto plazo de aeronaves,0,38,0%,96.42
charters que es,0,37,0%,21.89
arrendamiento a corto plazo de aviones,0,37,0%,81.92
renta de aviones privados guadalajara,0,37,0%,85.78
cuanto cuesta un avion privado,0,36,0%,8.89
capitale de costa rica,0,36,0%,10.5
centros turisticos costa rica,0,36,0%,17.58
isla contadora panama ferry,0,36,0%,22.25
que significa vuelos charter,0,36,0%,28.44
things to do in tambor,0,36,0%,30.14
what is san jose the capital of,0,36,0%,34.69
viaje de novios costa rica,0,36,0%,75.81
helicopter tour rio de janeiro price,0,35,0%,1
capital.of costa rica,0,35,0%,17.4
senidup san blas panama,0,35,0%,37
helicopter rides panama city beach,0,35,0%,37.29
ferry panama city to pearl islands,0,35,0%,61
lugares para visitar en costa rica en un dia,0,35,0%,65.31
como viajar en un avion,0,35,0%,81.57
volar en avión aumenta la presión arterial,0,34,0%,9.85
contadora meaning,0,34,0%,18.76
capital de el costa rica,0,34,0%,22.62
cuanto cuesta rentar un jet privado,0,34,0%,35
alquiler de barco para excursion panama,0,34,0%,45.74
rentar un jet privado,0,34,0%,48.09
what country is san jose the capital of,0,34,0%,69.47
islas de san blas panama,0,34,0%,75.32
panama rides,0,33,0%,4.55
avion charter definition,0,33,0%,13.82
reserva vuelo sin pagar,0,33,0%,23.33
viajes privados,0,33,0%,23.7
costa rica lugar turistico,0,33,0%,30.42
costa rica la capital,0,33,0%,31.12
jet privado santiago,0,33,0%,46.09
servicio de yates charter,0,33,0%,78.36
renta de aviones privados en puebla,0,33,0%,83.03
isla san blas panama fotos,0,33,0%,95.85
playa larga isla contadora,0,32,0%,8.88
vuelo charter definicion,0,32,0%,20
lugares lindos de costa rica,0,32,0%,31.09
private flights to panama,0,32,0%,37.84
tambor playa,0,32,0%,49.66
paracaidismo en panama,0,32,0%,59.44
tambor costa rica car rental,0,32,0%,60.25
playa tambor en costa rica,0,32,0%,68.38
capital de costa,0,31,0%,7
ferry from panama city to contadora island,0,31,0%,15.87
nombres de lugares de costa rica,0,31,0%,31
que es un chárter,0,31,0%,36.77
ferry las perlas,0,31,0%,41.74
contadora isla panama,0,31,0%,73.35
los jets privados mas baratos del mundo,0,31,0%,83.32
capital de costarica,0,30,0%,17.37
arrendamiento de avión privado,0,30,0%,38.97
best beaches near panama city panama,0,29,0%,1
alquiler de helicoptero,0,29,0%,5.55
presion alta y volar en avion,0,29,0%,7.86
que es una reserva de vuelo,0,29,0%,13.52
paseo en helicoptero,0,29,0%,21.14
como reservar un vuelo sin pagarlo,0,29,0%,23.66
lugares turísticos,0,29,0%,26.17
se pueden reservar vuelos sin pagar,0,29,0%,29.62
helicopter rides in panama city beach,0,29,0%,41.03
alquiler vuelo charter,0,29,0%,74.34
vuelo charter reuniones,0,29,0%,82.66
isla contadora panama hotels,0,29,0%,83.93
isla perro chico san blas panamá,0,29,0%,86.86
lugares para luna de miel,0,28,0%,6.25
playa el cacique colon,0,28,0%,6.93
lugares en costa rica,0,28,0%,32.82
costa rica que visitar,0,28,0%,34.29
mejores lugares costa rica,0,28,0%,40.82
atracciones turísticas en costa rica,0,28,0%,61.14
skydive panama,0,28,0%,64.29
what to see in san jose costa rica,0,28,0%,65.96
pasadia en isla contadora panama,0,28,0%,66.61
flying to panama,0,27,0%,1.22
soy hipertenso puedo ir a la ciudad de méxico,0,27,0%,7.7
la capital costa rica,0,27,0%,12.85
helicopter rides panama city beach cost,0,27,0%,13.41
lugares lindos para visitar en costa rica,0,27,0%,35.78
renta de avion,0,27,0%,37.59
san jose is the capital of which country,0,27,0%,42.48
capital of costa,0,27,0%,42.63
avionetas privadas,0,27,0%,44.15
diferencia entre vuelo chárter y vuelo regular,0,27,0%,44.81
app buscador de vuelos,0,27,0%,48.78
alquiler de jets ejecutivos,0,27,0%,56.89
vuelo charter precio,0,27,0%,57.56
capitol of costa rica,0,27,0%,60
lugares para vacacionar en costa rica,0,27,0%,62
what the capital of costa rica,0,27,0%,83.04
una persona hipertensa puede subir a un avion,0,26,0%,7.46
presion alta y viajar en avion,0,26,0%,8.5
donde queda playa tambor,0,26,0%,11.23
sky panamá,0,26,0%,12.69
visitas turísticas en isla contadora,0,26,0%,19.46
hasta que altura puede subir un hipertenso,0,26,0%,21.62
diferencia entre vuelo chárter y comercial,0,26,0%,33.04
jet privado renta,0,26,0%,33.35
lugares hermosos en costa rica,0,26,0%,39.73
the san blas archipiélago,0,26,0%,75.69
costa rican capital,0,26,0%,82.62
como ir a contadora desde panama,0,25,0%,8.28
vuelos charters,0,25,0%,32.4
alquiler jet privado santiago,0,25,0%,34.36
atractivos de costa rica,0,25,0%,35.2
zonas turisticas de costa rica,0,25,0%,40.44
helicopter rides pcb,0,25,0%,58.32
las islas san blas,0,25,0%,133.2
panama canal,0,24,0%,1
helicóptero,0,24,0%,7.58
si tengo la presion alta puedo volar en avion,0,24,0%,8.83
aviones privados,0,24,0%,12.67
que conocer en costa rica,0,24,0%,17.21
sitios turísticos en costa rica,0,24,0%,24.33
los lugares mas lindos de costa rica,0,24,0%,30.67
lugares a visitar en costa rica,0,24,0%,37.33
cuanto cuesta un vuelo privado,0,24,0%,44
sitios para visitar en costa rica,0,24,0%,45.88
mejores sitios costa rica,0,24,0%,51.38
mejor aplicacion para comprar vuelos,0,24,0%,53.17
consejos para viajar en avion,0,24,0%,56.33
charter avion privado,0,24,0%,61.21
trucos para viajar en avion,0,24,0%,66.58
costa rica capital san jose,0,24,0%,77.62
san blas flights,0,23,0%,1
puedo subir a un avion con presion alta,0,23,0%,7.26
cuantas islas tiene san blas,0,23,0%,14.35
lugares famosos de costa rica,0,23,0%,22.78
mejores lugares para visitar en costa rica,0,23,0%,26.7
shared charter flight,0,23,0%,30.91
charter vuelos,0,23,0%,58.87
las islas de san blas,0,23,0%,60.96
vuelo.charter,0,23,0%,61.04
helicopter rides,0,23,0%,78.17
precio charter privado,0,23,0%,88.65
jose capital,0,22,0%,2.73
se puede volar con la tension alta,0,22,0%,6.41
ferry,0,22,0%,7.41
vuelos privados medellín,0,22,0%,13.05
que es un avion charter,0,22,0%,15
lugares mas turisticos de costa rica,0,22,0%,25.14
lugares hermosos de costa rica,0,22,0%,27.73
como puedo reservar un vuelo sin pagar,0,22,0%,28.55
lugares interesantes en costa rica,0,22,0%,44.23
helicopter rides in panama city,0,22,0%,52.64
lugares para visitar,0,22,0%,57.14
playa el tambor,0,22,0%,69
san blas isla,0,22,0%,69.41
costa rica destino turistico,0,22,0%,74.32
chopper ride,0,22,0%,81.14
significado vuelo charter,0,22,0%,87.86
vuelos personalizados en helicóptero,0,22,0%,93.55
panama charter,0,21,0%,9.67
panama contadora ferry,0,21,0%,18.33
alquiler de jet privado,0,21,0%,24.1
panama city helicopter tour,0,21,0%,27.76
mejores lugares turisticos de costa rica,0,21,0%,30.19
costa rica atractivos turisticos,0,21,0%,35.9
alquiler de avione,0,21,0%,49.1
costa rica zona turistica,0,21,0%,49.48
lugares de interés turístico,0,21,0%,55.19
precio de boletos de avion de costa rica a panama,0,21,0%,55.29
helicopter rides in panama city beach fl,0,21,0%,56
panama contadora,0,21,0%,76.33
que es la capital de costa rica,0,21,0%,82.81
helicopter ride panama,0,20,0%,5.45
alquiler de helicóptero,0,20,0%,6.3
sky panama numero de telefono,0,20,0%,9.45
que hacer en contadora,0,20,0%,11
how to get to contadora island from panama city,0,20,0%,26.4
capital of.costa rica,0,20,0%,32.45
puedo reservar un vuelo sin pagar,0,20,0%,51.35
honeymoon destinations costa rica,0,20,0%,60.25
contadora island hotel,0,20,0%,71.7
what is costa rica capital city,0,20,0%,81.4
pose helicóptero,0,19,0%,2.21
playa cacique isla contadora,0,19,0%,8.47
flight to panama,0,19,0%,8.74
vuelos en helicóptero,0,19,0%,9.37
un helicoptero puede viajar de un pais a otro,0,19,0%,11.05
que significa un vuelo charter,0,19,0%,19.79
los mejores lugares turisticos de costa rica,0,19,0%,26.89
vuelos a contadora,0,19,0%,30.42
lugares famosos en costa rica,0,19,0%,32.47
vuelo charter definición,0,19,0%,32.74
lugares atractivos de costa rica,0,19,0%,36.84
viajar en charter,0,19,0%,40.68
panama city beach helicopter tours,0,19,0%,52.26
capital of costa rica?,0,19,0%,57.79
que es el charter,0,19,0%,65.74
vuelos charter significado,0,19,0%,66.26
private jet app,0,19,0%,67.26
playas en panama san blas,0,19,0%,79.32
sky ri,0,18,0%,8.06
qué es vuelo chárter,0,18,0%,9.83
tour en helicóptero,0,18,0%,11.56
significado de vuelo charter,0,18,0%,22.72
lugares mas hermosos de costa rica,0,18,0%,25.5
lugares importantes de costa rica,0,18,0%,27.33
lugares lindos en costa rica,0,18,0%,32.22
destinos turisticos de costa rica,0,18,0%,36.44
renta de avion privado,0,18,0%,37.83
ciudad de costa rica,0,18,0%,49.06
vuelos turisticos,0,18,0%,50.89
capital de san jose,0,18,0%,50.94
las mejores actividades de luna de miel en san jose,0,18,0%,51.06
honeymoon to costa rica,0,18,0%,54.61
atracciones turisticas de costa rica,0,18,0%,55.33
tambor beach costa rica,0,18,0%,56.89
aviones privados pequeños,0,18,0%,57.28
como reservar un billete de avion sin pagar,0,18,0%,62.06
costa rica lugares de interés,0,18,0%,65.33
san jose capital costa rica,0,18,0%,83
contadora hotel,0,18,0%,85.06
que es un charter privado,0,17,0%,5.12
avión charter,0,17,0%,11.24
tour helicoptero panama,0,17,0%,18.65
lugares más bonitos de costa rica,0,17,0%,21.06
lugares mas bonitos de costa rica,0,17,0%,25.18
renta de aviones,0,17,0%,35.18
renta de jet privado precio,0,17,0%,41.35
qué significa vuelo chárter,0,17,0%,44.35
tour contadora,0,17,0%,45.53
mejores sitios de costa rica,0,17,0%,50.18
charter flights pedasi,0,17,0%,53.47
charter flight santa catalina panama,0,17,0%,57.41
playas san blas panama,0,17,0%,58.18
hotels in contadora island panama,0,17,0%,58.71
capital of costa rico,0,17,0%,63.12
tourist destinations costa rica,0,17,0%,66.76
panama city beach helicopter tour prices,0,17,0%,71
volar helicopteros,0,17,0%,79.59
what is costa rica's capital,0,17,0%,83.06
vuelos charter para equipos de trabajo,0,17,0%,86.88
peninsula de san blas panama,0,17,0%,87.47
san jose capital city,0,17,0%,111.88
capital de costa rica es,0,16,0%,2.44
cuantas islas hay en san blas,0,16,0%,5.12
lugares de luna de miel,0,16,0%,6.62
alquiler de helicóptero con piloto precio,0,16,0%,6.88
jet privado precio,0,16,0%,8.12
cual es la mejor isla de san blas,0,16,0%,11.81
lugares mas visitados en costa rica,0,16,0%,27.06
como llegar a playa tambor,0,16,0%,32.5
lugar mas turistico de costa rica,0,16,0%,32.69
helicopter ride panama city beach,0,16,0%,40.5
alquiler avión privado,0,16,0%,41.56
destinos turísticos en costa rica,0,16,0%,47.5
capital of coasta rica,0,16,0%,62.56
que ver san jose costa rica,0,16,0%,69.94
costa rica's capital,0,16,0%,75.44
new york helicopter tour price,0,15,0%,1
cuanto cuesta alquilar un helicóptero,0,15,0%,5.6
panama flights,0,15,0%,6.53
lugares turistico costa rica,0,15,0%,14.87
ferry panama city to isla contadora,0,15,0%,15.4
playa contadora,0,15,0%,23.2
lugares mas lindos de costa rica,0,15,0%,24.13
mejores lugares de costa rica para visitar,0,15,0%,27.8
hacer una reserva de vuelo sin pagar,0,15,0%,33.67
donde ir costa rica,0,15,0%,41
panama city beach helicopter rides,0,15,0%,41.6
capitales de costa rica,0,15,0%,43.2
capital de costa rica en español,0,15,0%,47.07
atracciones turísticas de costa rica,0,15,0%,48.27
san blas yacht charters,0,15,0%,49.73
destinos turísticos de costa rica,0,15,0%,58.8
recomendaciones para viajar en avion,0,15,0%,59.07
contadora island panama hotels,0,15,0%,61.4
vuelos charter carga,0,15,0%,73.27
where is san josé capital,0,15,0%,77.53
a que velocidad va un helicóptero,0,15,0%,85.87
what is the capital of the costa rica,0,15,0%,86.07
portobelo,0,14,0%,1.43
punta cacique,0,14,0%,2.64
rides,0,14,0%,3.43
que es charter en aviacion,0,14,0%,3.5
puedo viajar en avion si sufro de presion alta,0,14,0%,8.5
sky teléfono servicio al cliente,0,14,0%,10.21
como hacer una reservacion de vuelo sin pagar,0,14,0%,18.14
atracciones en isla contadora,0,14,0%,21.57
viajes a contadora,0,14,0%,28
helicopter tours panama city,0,14,0%,30.43
mejores lugares turisticos en costa rica,0,14,0%,37.64
reservar tiquetes sin pagar,0,14,0%,39.86
viaje charter,0,14,0%,43.14
helicoptero,0,14,0%,45.14
best places in costa rica,0,14,0%,48.71
where is tambor costa rica,0,14,0%,56.29
aplicaciones para viajes en avion,0,14,0%,59.71
san jose costa rica tourist attractions,0,14,0%,83.36
capital city for costa rica,0,14,0%,84.93
vuelo chárter privado,0,14,0%,86.71
san blas islands,0,13,0%,1
portobelo panama,0,13,0%,1.54
lugares turísticos de costa,0,13,0%,5.08
viajes en helicóptero,0,13,0%,6.31
things to do on contadora island,0,13,0%,8.54
una persona con alta presión puede viajar en avión,0,13,0%,9
playa larga colon,0,13,0%,11.38
viaje en helicoptero panama,0,13,0%,12.15
que es un viaje charter,0,13,0%,15
cuanto cuesta un vuelo charter,0,13,0%,15.31
vuelos charter definicion,0,13,0%,19.46
lugares turísticos para visitar en costa rica,0,13,0%,23.23
como hacer una reserva de vuelo sin pagar,0,13,0%,29.92
el capital de costa rica,0,13,0%,32.31
cómo reservar un vuelo sin pagar,0,13,0%,42
app para reservar vuelos,0,13,0%,43.46
san jose costa rica que ver,0,13,0%,47.38
lugares historicos de costa rica,0,13,0%,47.46
hotel cacique colon,0,13,0%,48.69
costa rica lugares,0,13,0%,49.62
rental car tambor costa rica,0,13,0%,50.46
qué visitar en costa rica,0,13,0%,52.62
islas en san blas,0,13,0%,54.38
como hacer una pre reserva de vuelo sin pagar,0,13,0%,55.38
turismo costa rica ciudad,0,13,0%,56
captial of costa rica,0,13,0%,56.23
lugares donde ir en costa rica,0,13,0%,57.77
costa rica honeymoon destinations,0,13,0%,60.77
como hacer una pre-reserva de vuelo sin pagar,0,13,0%,60.85
islas en panama san blas,0,13,0%,62.54
mejores lugares para relajarse en costa rica,0,13,0%,63.46
costa rica lugar,0,13,0%,64.85
reservar billete de avion sin pagar,0,13,0%,66.23
playas de panama san blas,0,13,0%,69.69
jet charter,0,13,0%,69.77
where is the capital of costa rica,0,13,0%,72.08
lugares para luna de miel en costa rica,0,13,0%,72.15
aviones vip,0,13,0%,79.23
panama city helicopter rides,0,13,0%,82.77
vuelos carter,0,13,0%,96.08
la capital de costa rica cuál es,0,12,0%,2.17
capital de costa rica cual es,0,12,0%,5.75
vuelo en helicóptero,0,12,0%,6.92
que significa que un vuelo sea charter,0,12,0%,8.67
se chaster,0,12,0%,9.17
si tengo presión alta puedo viajar en avión,0,12,0%,10
alquiler de helicópteros precios,0,12,0%,11.92
una persona hipertensa puede viajar a altura,0,12,0%,13.25
qué es un charter,0,12,0%,15.17
lugares para visitar de luna de miel,0,12,0%,16.83
rentar avion privado,0,12,0%,25.83
centros turisticos,0,12,0%,26.25
panama city to contadora island ferry,0,12,0%,27.42
lugares de turismo en costa rica,0,12,0%,30
enfermedades que te impiden viajar en avión,0,12,0%,33.83
lugares mas visitados de costa rica,0,12,0%,34.58
avion privado renta,0,12,0%,34.75
rentar jet privado,0,12,0%,39.17
costa rica zonas turisticas,0,12,0%,39.42
magi tourist places,0,12,0%,41.5
montar en helicoptero,0,12,0%,44.17
zonas turisticas costa rica,0,12,0%,49.83
capital of coata rica,0,12,0%,51.42
capital of costarica,0,12,0%,53.25
panama jet,0,12,0%,55.08
renta de avión privado méxico precio,0,12,0%,55.17
capital for costa rica,0,12,0%,80.08
lugar costa rica,0,12,0%,80.58
what's the capital city of costa rica,0,12,0%,81.67
capital costa rica san jose,0,12,0%,91.25
servicio de avión privado,0,12,0%,99
playa de colon,0,11,0%,1
capital.costa rica,0,11,0%,1.09
sky,0,11,0%,7.36
alquiler helicoptero,0,11,0%,7.45
luna de miel en pareja,0,11,0%,8
como reservar un boleto de avion sin pagar,0,11,0%,10.55
como reservar un pasaje sin pagar,0,11,0%,10.82
cuánto cuesta un avión privado,0,11,0%,10.82
cuanto cuesta un helicoptero,0,11,0%,12.18
paseo en helicóptero,0,11,0%,19
yet privado,0,11,0%,22.82
qué son vuelos charters,0,11,0%,28.73
viajes privados en avion,0,11,0%,29.82
lugares emblemáticos de costa rica,0,11,0%,32.09
lugares importantes en costa rica,0,11,0%,35.82
lugares visitar costa rica,0,11,0%,43.45
chárter avión,0,11,0%,43.64
charter de jets privados para grupos,0,11,0%,44.55
lo mas bonito de costa rica,0,11,0%,44.73
what's the capital of costa rica?,0,11,0%,46
lugares bellos de costa rica,0,11,0%,48.09
qué es el charter,0,11,0%,49.09
costa rica's capital city,0,11,0%,49.91
lugar turistico en costa rica,0,11,0%,49.91
pcb helicopter rides,0,11,0%,54.55
que hacer en el avion,0,11,0%,61.09
aviones privados grandes,0,11,0%,64.18
lugar de costa rica,0,11,0%,66.18
isla san blas panama,0,11,0%,72.45
helicoptero privado precio,0,11,0%,82.64
alquiler avion privado españa,0,11,0%,87.18
san jose costa rica city,0,11,0%,91.36
capital san josé,0,11,0%,106.45
la capital du costa rica,0,10,0%,1
new york helicopter tour cost,0,10,0%,1
nyc helicopter ride price,0,10,0%,1
playa cacique colón ubicacion,0,10,0%,3.1
flights,0,10,0%,6
cápital de costa rica,0,10,0%,6.6
alquiler de aviones,0,10,0%,9.3
app charter,0,10,0%,9.7
si soy hipertensa puedo viajar en avión,0,10,0%,9.9
sky panamá teléfono,0,10,0%,11.5